model,features,accuracy,macro_f1
Radiomics only,47,0.899375,0.8954600456487485
Deep only,2048,0.896875,0.8939487285711829
Fused + SelectKBest(300),300,0.899375,0.8964504955903154
